sp,tg,val,ar,text
0,2,0.0,0.31," Wie würden Sie, Frau Zeh, in drei Sätzen die politische Stimmung im Moment in Deutschland beschreiben, wenn Sie es mal versuchen?"
2,0,0.0,0.31,Drei Sätze?
0,2,0.0,0.28,Gerne auch sechs.
2,0,0.0,0.31,Oder zwei Wörter?
0,2,0.0,0.28,Okay.
2,0,-0.16,0.39,Alles scheiße?
0,2,0.0,0.28,Okay.
0,2,0.0,0.28,Okay.
2,0,-0.16,0.39,Alles scheiße?
2,0,0.0,0.28," Sie haben ja nach der Stimmung gefragt, nicht nach den tatsächlichen Verhältnissen."
2,0,0.0,0.33," Also ich glaube, stimmungsmäßig dachte ich irgendwie, wir wären an einem Tiefpunkt, aber dann stellt man fest, es gibt immer noch ein paar Etagen runter."
0,2,0.0,0.28,Wow.
0,2,0.0,0.31,Woran machen Sie das fest?
2,0,0.0,0.28," Eigentlich so an dem, was ich höre auf den Straßen, an den Zäunen und zum Teil auch in den Zügen und in den Städten."
2,0,0.31,0.35," Also ich habe das Gefühl, momentan gibt es fast niemanden mehr im Land, der wirklich sagen würde, oh ja, wir haben eine okaye Regierung, hier geht was voran, da habe ich großes Vertrauen, dass das super wird."
0,2,0.0,0.28," Oder wenigstens ein bisschen, was haben Sie ja jetzt geschafft."
2,0,0.16,0.39," Ja, aber ich glaube die, ich meine, vielleicht liege ich komplett falsch, aber meine Wahrnehmung ist, dass es auch von den gemäßigt wählenden Bürgerinnen nicht mehr viele gibt, die gerade wirklich das Gefühl haben, hier wird für eine gut gestaltete Zukunft gesorgt."
0,2,0.45,0.39," Wow, das ist ja ein sehr guter Start für die Sendung."
2,0,-0.16,0.32,Ich will jetzt nicht die Apokalypse ausrufen.
0,2,-0.16,0.37," Nein, aber die Stimmung ist jetzt auch hier scheiße, muss man sagen."
0,2,0.0,0.28," Aber ich schaue mal zu, Frau Heuer, der Blick aus England, vielleicht hilft der."
0,2,-0.16,0.39," Ist es dort vielleicht noch beschissener, um in Deutschland zu bleiben?"
0,2,0.0,0.31,Wie würden Sie denn die Lage hier in Deutschland beschreiben?
3,0,-0.16,0.47," Also die Stimmung in England ist auf jeden Fall ähnlich, weil auch ganz, ganz viele Leute das Gefühl haben, es ist eigentlich egal, was man wählt, es scheint immer schlimmer zu werden."
3,0,-0.16,0.32," Und ja, auch dieses Gefühl irgendwie, dass es gar keine Lösungsansätze gibt, dass niemand auch nur sagt, da geht es mal hin in die Richtung und ja, das kann jetzt eine Weile dauern, aber zumindest geht es in die richtige Richtung."
3,0,0.0,0.33,Und ich bin ja auch oft in Deutschland unterwegs und sehe das dann immer fast so ein bisschen schlaglichtartig.
0,3,0.0,0.31," Sie leben seit, ganz kurz, damit Sie es alle verstehen, 2010?"
3,0,0.0,0.28," 2011 mittlerweile, ja, also schon 15 Jahre jetzt in England."
3,0,-0.56,0.6," Das ist auch zu Hause, aber ich bin halt auch oft hier und dann natürlich auch sehr viel im Osten unterwegs, wo ich herkomme und da merkt man das schon so, wenn man immer so ein paar Tage hier ist und dann wirklich so auf einmal einem diese Wut entgegenschlägt und die Unzufriedenheit und dann geht man irgendwie wieder raus und kommt ein paar Wochen später wieder und das ist noch schlimmer."
0,3,0.0,0.31," Also diese zwei Sätze oder zwei Wörter von Ihnen, wie würden die lauten?"
3,0,0.0,0.28," Ich kann das bestätigen auf jeden Fall, dass die Stimmung so ist."
2,3,0.0,0.31," Dann gehen wir jetzt heim, oder?"
2,3,0.0,0.28,Läuft.
0,2,0.0,0.31,Wollen wir gleich Rotwein bestellen?
0,2,0.0,0.28," Ich frage Herrn Martenstein ganz bewusst zum Schluss, Herr von Lucke, Sie erst."
0,2,0.16,0.34,Haben Sie ein bisschen Optimismus im Gepäck?
1,0,0.0,0.33," Ja, unbedingt und das liegt nicht zuletzt an dem Buch von Frau Heuer, weil ich würde schon sagen, dass wir uns immer dem historischen Vergleich unterziehen sollten."
1,0,0.0,0.28," Und dann werden wir feststellen, dass wir bei all dem, was jetzt hier lapidar, das war ja auch die Zwei-Worte-Frage, Wir reden ja um die Stimmung."
1,0,0.0,0.4," Das ist aber entscheidend und wir müssen höllisch aufpassen, dass wir eine Stimmung nicht mit zwei Worten zusammenfassen, bei der die Lage natürlich historisch betrachtet um vieles besser ist, als all das, was wir in der Geschichte je gekannt haben."
1,0,0.0,0.28," Und ich finde, wir müssen da wirklich sehr aufpassen."
1,0,0.16,0.32,Das kann man in Ihrem tollen Buch sehr entnehmen und nochmal sehr deutlich gemacht bekommen.
1,0,0.0,0.28," Wir haben ein Level, wir haben natürlich ungeheure Herausforderungen."
1,0,0.0,0.28," Wir wissen, dass wir letztlich uns 30 Jahre lang fast seit Wendezeiten einer Illusion des Fortgangs auf einem ausgesprochen vermeintlich luxuriösen Niveau bewegt haben, mit Dingen, die sich als obsolet erweisen."
1,0,-0.16,0.32," Nicht-Investitionen in die Infrastruktur, die diese Regierung alle nachholen muss, mit einer falschen Orientierung in Sachen China-Export-Gewinn, all das ist hier ja oft besprochen worden und am Schluss das billige Gas und Öl."
1,0,0.0,0.28," Aber wenn wir uns die Weimar-Situation, das finde ich wichtig deswegen, anschauen,"
1,0,0.0,0.28," dann werden wir feststellen nach wie vor, dass wir auf einem Level des Niveaus,"
1,0,0.16,0.32," des Reichtums und auch auf einer, im Gegensatz zu Weimar,"
1,0,-0.16,0.37," in einer dramatischen Kriegs-Nachsituation stattfindenden Republik,"
1,0,-0.16,0.32," die so militarisiert war, die in einem Maße polarisiert war,"
1,0,0.0,0.28," wie selbst die gegenwärtige Polarisierung, die ich übrigens nicht verharmlosen will,"
1,0,0.0,0.28," wir reden ja noch drüber, eine Petitesse ist."
1,0,0.0,0.33," Und von daher würde ich immer sagen, es war ja eine Provokation."
1,0,0.0,0.4," Die Lage ist letztlich eigentlich viel besser und wir müssen uns mal bewusst machen, auf welchem Niveau wir erstmal sind, damit wir uns nicht sofort in eine Tendenz des saloppen alles Scheiße stürzen."
2,1,0.0,0.28," Naja, aber die Stimmung ist in Demokratien halt ein Faktor."
1,2,0.0,0.28," Die machen wir, die machen wir zum Teil, das müssen wir uns sehr bewusst machen."
2,1,0.0,0.28," Wir sind beteiligt, wir sind sehr beteiligt."
1,2,0.0,0.28," Nicht nur, aber wir sind sehr..."
2,1,0.0,0.28,Es gibt Gründe für diese Stimmung und die sind auch substanziell.
2,1,-0.16,0.32," Und ein Problem der Lage ist, glaube ich, dass genau darauf zu wenig gehört wird."
2,1,0.0,0.28," Also man schubladisiert es und fragt zu wenig danach, was sind denn wirklich die sachlichen, substanziellen Gründe für diese Stimmung."
2,1,0.16,0.32," Denen nachzuforschen und zu überlegen, wie könnte man das besser machen, das wäre der Weg."
2,1,0.0,0.33," Aber ich gehe voll mit, bitte keine Vergleiche mit Weimar im Sinne von..."
2,1,0.0,0.28,Das macht ja auch Frau Heuer nicht.
0,2,0.16,0.32," Das macht sie nicht, das ist super."
0,2,0.0,0.28,Da kommen wir gleich dazu.
0,2,0.0,0.28," Aber Herr Martenstein, jetzt interessiert mich Ihre Lagebeschreibung, Ihre Zusammenfassung der Stimmung in Deutschland."
4,0,0.16,0.32," Ja, also bei mir ist die Stimmung auch nicht besser als bei den anderen."
4,0,0.0,0.28,Also der Zustandsbeschreibung kann ich mich nur anschließen.
4,0,0.0,0.28," Und ich glaube, die Wurzel eines Teils dieses Missbehagens ist das verbreitete Gefühl, dass man mit Wahlen eigentlich nichts mehr ändern kann."
4,0,0.0,0.28,Und das ist aber der Kern des Demokratieversprechens.
4,0,0.0,0.28," Also wenn Sie versuchen, den Gedanken der Demokratie auf einen Nenner zu bringen, dann lautet es der, du kannst die politische Richtung ändern."
4,0,0.0,0.28,Die Mehrheit kann die politische Richtung ändern.
4,0,0.0,0.28," Die Details werden dann in einer repräsentativen Demokratie, natürlich in den Parteien, in den Parlamenten und so weiter, geklärt."
4,0,0.0,0.28," Aber die Generalrichtung, die können die Leute vorgeben."
4,0,0.0,0.28,Und dieses Versprechen ist nicht eingelöst worden.
4,0,0.0,0.28," Die Leute wollten eine konservativere, bürgerlichere Politik, als es sie vorher gegeben hat."
4,0,0.0,0.28,Das haben sie nicht bekommen.
0,4,0.0,0.28,Weil sie zu 30 Prozent die CDU und zu 20 Prozent die AfD gewählt haben.
4,0,0.0,0.28," Und die CDU hat ja auch ganz stark damit geworben, dass sie eine politische Richtungsänderung will."
0,4,0.0,0.28,Die Anti-Merkel-CDU.
4,0,0.0,0.28," Merz, der Spitzenkandidat, hat gesagt, links ist vorbei."
4,0,0.0,0.33," Das war der Satz, den er voller Pathos in die Runde geworfen hat."
4,0,-0.16,0.32," Und das führt natürlich zu Vertrauensverlust, wenn sowas nicht gemacht wird."
4,0,0.0,0.28,Und Sie haben ja nach der Brandmauer auch gefragt.
4,0,0.16,0.37," Die Brandmauer wäre in dem Moment vollkommen gerechtfertigt und sogar alternativlos, um dieses große Wort in den Raum zu werfen, um bei der CDU zu bleiben."
4,0,-0.16,0.32," Wenn die AfD so eine Art Wiedergeburt der NSDAP wäre, dann müsste man das machen."
4,0,0.0,0.28,Dann müsste man die Partei verbieten.
4,0,-0.16,0.32," Ich bin aber der Ansicht, dass es sich nicht um eine Wiedergeburt der NSDAP handelt, sondern um eine sehr weit rechts stehende Partei."
4,0,0.0,0.28,Mit einer sehr weit rechts stehenden Partei habe ich im Laufe meines Lebens Erfahrungen gemacht.
4,0,0.0,0.28,Ich erinnere mich nämlich an die vergangene CDU.
4,0,0.0,0.28," Da gab es zum Beispiel einen Politiker namens Filbinger, der war Ministerpräsident."
4,0,-0.16,0.37," Der hatte im Krieg Todesurteile gefällt und dafür gesorgt, dass sie vollstreckt werden."
4,0,-0.16,0.32," Und der sagte den ungeheuerlichen Satz, was damals Recht war in der Nazizeit, kann heute nicht Unrecht sein."
4,0,0.0,0.28,Ein irrer Satz.
4,0,0.0,0.28,Und dieser Mann war Ministerpräsident und einer der führenden CDU-Politiker.
4,0,0.0,0.28,So sah die CDU meiner Kindheit und Jugend aus.
4,0,0.0,0.28," Nicht so viel anders, wie das, was wir da heute sehen."
4,0,0.0,0.28," Und deswegen, ich glaube, dass wir vielleicht uns, und das hört man ziemlich oft in Diskussionen zur Zeit, in Richtung auf eine Art neues Zwei-Parteien-System bewegen."
4,0,0.0,0.28,Nämlich auf der einen Seite.
4,0,0.16,0.32,Das war der Vergleich mit Frankreich und Großbritannien.
0,4,0.0,0.31," Können Sie das mal ausführen, Herr Martinstein, wie Sie das meinen?"
0,4,0.0,0.28," Wenn Sie sagen, ich sehe auf der einen Seite diese Zersplitterungen, die wir gerade reingehen, die aber am Ende, sagen Sie, als Resultat haben wir zwei große Blöcke."
0,4,0.0,0.31,Welche Blöcke werden das dann sein?
4,0,0.0,0.28,Also das eine ist der große Rechtsblock.
4,0,0.0,0.28," Die Rechtspopulisten, die ja keine deutsche Spezialität sind, sondern die es in verschiedenen Varianten und Facetten fast überall in der westlichen Welt gibt."
4,0,0.0,0.28,Und der andere Block ist im Moment bei uns.
4,0,0.16,0.32," Wäre das so eine Art große Koalition, die von der CDU bis zur Linkspartei reicht."
4,0,0.0,0.28,Da fühlen sich natürlich alle ehemaligen DDR-Bürger an die früheren Blockparteien erinnert.
4,0,0.0,0.28," Das hört man ständig, wenn man da mit Menschen redet."
4,0,0.0,0.28," Aber es ist auch auf der anderen Seite, ist es aber auch als Spektrum einer großen Partei nicht so ungewöhnlich."
4,0,0.0,0.28,Wenn Sie sich an die alte CDU erinnern.
4,0,0.0,0.28," Da gab es ja auf der einen Seite Leute, die wirklich ziemlich weit links standen."
4,0,0.0,0.28," Wie Blüm, wie Süßmuth."
4,0,0.0,0.28," Das waren ja Leute, die natürlich aus der christlichen Tradition heraus, Arbeiterbewegung kamen."
4,0,0.0,0.28,Und dann gab es eben diese Filbingers zum Beispiel.
4,0,0.0,0.28,Ein unglaublich breites Spektrum.
4,0,0.0,0.28,Also vielleicht passiert sowas in diese Richtung.
4,0,0.16,0.32,Und dann haben die Leute die Möglichkeit sich zu entscheiden.
0,1,0.0,0.28,Ich würde gerne nochmal dieser Stimmung ein bisschen nachspüren.
0,1,0.16,0.32," Und ob die möglicherweise auseinanderfällt, wenn man sich die tatsächliche Lage anschaut."
0,1,0.16,0.32,Wobei wird nicht besser.
0,1,0.0,0.28,Ich zitiere mal Albrecht von Lucke.
0,1,0.0,0.28,Bisher fällt der Kanzler konzeptionell völlig aus.
0,1,0.0,0.28,Oder noch so ein anderer Satz.
0,1,0.0,0.28,März hat das Land verspielt.
1,0,-0.16,0.32,Das glaube ich ist das Hauptproblem.
1,0,0.16,0.32," Dafür, dass Sie gerade für Optimismus plädiert haben, klingt das ganz schön desaströs, was ich hier gerade vorgetragen habe."
1,4,0.0,0.28," Ja und das kann man vielleicht auch zusammenziehen mit dem, was Harald Martenstein gerade sagte."
1,4,0.0,0.28,Ich würde dem fundamental widersprechen.
1,4,0.0,0.28,Wenn es so einfach wäre.
1,4,0.0,0.33," Und das ist immer ein bisschen Ihr meines Erachtens schlichteres Argumentieren, lieber Herr Martenstein."
1,4,0.0,0.28,Sie machen eine reine Arithmetik.
1,4,0.0,0.28," Diese AfD, die wir gegenwärtig erleben, ist ein fundamentaler Bruch mit einer CDU der adenauerischen Tradition bis zu Kohl."
1,4,0.0,0.28," Die die klare Vorstellung hatte, dass man in einem westlichen Bündnis pro-europäisch Politik macht."
1,4,0.0,0.28," In der AfD geht der eine Herr, Herr Chrupalla, zum 8."
1,4,0.0,0.28,Mai in die russische Botschaft und trinkt einen Wodka mit dem russischen Botschafter.
1,4,0.0,0.28," Und würde, wenn Sie das, wenn Sie das, deswegen können Sie doch, deswegen können Sie doch."
1,4,-0.16,0.32,Und das ist ein Teil des Problems.
1,4,0.0,0.28," Sie suggerieren so, als wäre das eine ganz leichte Arithmetik, bei der man quasi eine eigentliche konservative Zusammenarbeit praktizieren könnte."
1,4,0.0,0.28,Das ist Ihre Suggestion.
1,4,0.0,0.28," Es hat ja früher den Filbinger gegeben, also müsste es doch mit einer AfD allemal so sein."
1,2,0.0,0.28,Das haben Sie hier klar gesagt.
1,2,0.0,0.28," Und der große Unterschied besteht darin, natürlich hat er das gesagt, und dementsprechend, weil es die Breite früher gab, so hat er es gesagt."
1,2,-0.16,0.42," Früher war das eigentlich, dieser Filbinger war eigentlich schlimmer als die heutige AfD."
1,2,-0.16,0.32,Und das ist natürlich völlig falsch.
1,2,0.0,0.28," Diese AfD hat eine völlig, gerade in der internationalen Weise bisher, bundespolitisch völlig unverträgliche Position."
1,2,0.0,0.28," Die ist am ehesten, und da müssen wir ja auch drüber reden, am ehesten mit Sarah Wagenknecht in Übereinstimmung bringen."
1,0,0.0,0.28,Und die wird ja in Sachsen-Anhalt vielleicht auch noch einiges gemeinsam mit der AfD anstellen.
1,0,0.0,0.28,Das war von Anfang an übrigens das Dilemma dieser Regierung.
1,0,0.0,0.28,Wir müssen es ja bewusst machen.
1,0,0.0,0.28," Friedrich Merz hätte ja wahrscheinlich ganz gerne eine moderatere Koalition als rechts- oder konservativ-nationale Koalition gewählt, wenn diese AfD diese Koalitionstauglichkeit gehabt hätte."
1,0,0.0,0.28,Jetzt kommt aber meines Erachtens der große Fehler.
1,0,0.0,0.28," Und deswegen glaube ich wirklich, dass Merz dieses Land zum Teil, Gelinde gesagt, wahrscheinlich sogar mehr als nur zum Teil verloren hat."
1,0,0.0,0.28," Er hat von Anfang an, meinem Eindruck nach, das nicht gemacht, was er hätte machen müssen."
1,0,0.0,0.28,Dieses Land wirklich mit den Zumutungen beider Richtungen konfrontieren.
1,0,0.0,0.28," Er hätte den Schritt, den er jetzt versucht, flehendlich, jetzt geht er auf die Gewerkschaften zu."
1,0,0.0,0.28," Jetzt versucht er, das erste Mal übrigens vor wenigen Wochen, das erste Mal in der SPD-Fraktion, er versucht jetzt, das Land gemeinsam zu einem großen, zu großen Kraftanstrengungen zu veranlassen, dem er ein Jahr lang eine konzertierte innenpolitische Herausforderung nicht formuliert hat, die in beide Richtungen hätte gehen müssen."
1,0,0.0,0.28," Ja, das Grundeinkommen bzw."
1,0,0.0,0.28,das Bürgergeld wurde abgeschafft.
1,0,0.0,0.28,Das ist hart für die unten.
1,0,0.0,0.28," Und die werden auch meines Erachtens stärker veranlasst sein müssen, in Arbeit zu kommen."
1,0,0.0,0.28,Aber er hätte auch die Ansprache an die Starken formulieren müssen.
1,0,0.0,0.28," Das hätte es dann im Zweifel auch einer Bärbel Bas ein bisschen leichter gemacht, bei ihren ganzen Irrungen."
1,0,0.0,0.28," Die Gewerkschaften auf Linie zu bringen, das ist ein Jahr lang nicht passiert worden."
1,0,-0.16,0.32," Und deswegen glaube ich, stehen wir jetzt in einer fatalen Situation, wo keiner diese auseinanderschrebenden Interessen zusammenbringt."
0,1,0.0,0.28," So, hier sitzen noch zwei Bestseller-Autorinnen, die ich gerne nach ihrer Meinung fragen würde."
2,1,0.0,0.28," Also ich muss einmal kurz sagen, dass Herr Martenstein nicht gesagt hat, dass die CDU mit der AfD koalieren soll."
2,4,0.0,0.28," Sondern du hast gesagt, deine Arithmetik war ja auf der einen Seite die AfD, auf der anderen Seite alle anderen."
2,1,0.0,0.28,Also das wollte ich nochmal kurz richtigstellen.
1,2,0.0,0.28," Das ist nicht nur einfach richtigzustellen, weil es doch suggerierte von Anfang an, und das ist ja ein Teil des Argumentationsmusters, was man kennt aus einer gewissen Richtung."
1,2,0.16,0.37," Es suggeriert immer, da gäbe es so ohne weiteres doch eine konservative Möglichkeit."
0,1,0.0,0.31,Was suggeriert denn eine gewisse Richtung?
1,0,0.0,0.31,Was für eine Richtung meinen Sie denn?
1,0,0.0,0.28,Ich kann es Ihnen ganz konkret sagen.
1,0,0.16,0.32," Es gibt gegenwärtig große Anstrengungen, eine mögliche Koalition der AfD gemeinsam mit der CDU in die Wege zu leiten."
0,1,0.0,0.31,Von wem?
1,0,0.0,0.28," Beispielsweise auch für Medien, für die Herr Martenstein schreibt."
1,0,0.0,0.28," Der Springer Verlag und andere Organe sind sehr daran interessiert, natürlich maximalen Druck auf diese Regierung auszuüben."
1,0,0.0,0.28," Das machen Nius, das machen andere, das machen Apollo."
1,0,-0.31,0.35," Und das Problem besteht darin, wenn man es nicht deutlich macht, warum die CDU mit dieser Partei nicht regieren kann, keine Koalition bilden kann, dann hat man ein gewaltiges Problem."
1,0,0.16,0.32," Dann suggeriert man ständig im luftleeren Raum, das wäre ja alles möglich."
1,0,0.16,0.32," Es ist aber gegenwärtig mit dieser AfD nicht möglich, deswegen muss man das dazusagen."
1,0,0.0,0.28," Und das heißt, diese Krux..."
0,1,0.0,0.28," Nein, das muss da mal reingehen."
1,0,0.0,0.33," Das ist ein entscheidender Punkt, weil es entscheidend die Frage aufhört, was wird da eigentlich immer nebulös ausgemalt."
1,0,0.0,0.28,Man muss es konkret machen.
1,0,-0.45,0.61," Und dann hat man das Problem, dass gegenwärtig, was ja, Sie haben es die Todesspirale genannt, ich sehe es hier übrigens ähnlich, das Dilemma, dass wir auch schon mit Blick auf Sachsen-Anhalt, wenn es überhaupt noch reicht, wenn die AfD nicht die absolute Mehrheit kriegt, wieder eine noch größere Koalition kriegen, ist dem Umstand geschuldet..."
1,0,-0.16,0.32,Weil es dysfunktional wird.
1,0,-0.16,0.32," Genau, die Dysfunktionalität unseres Systems ist dem Umstand geschuldet, dass gegenwärtig diese Union mit dieser AfD, meiner Meinung nach, zu Recht nicht koalieren kann."
0,4,0.0,0.28," Herr Martenstein, Sie müssen jetzt einmal danach interessiert werden, ich nehme an von Katja Heuer."
4,1,-0.45,0.39,Alle Parteien dieses Landes haben in den letzten Jahren ihre Wählerschaft an dem einen oder anderen Punkt enttäuscht.
4,1,0.0,0.28," Nur eine Partei nicht, nur die AfD nicht."
4,1,0.0,0.33,Sie hatte nämlich niemals die Chance dazu.
4,1,0.16,0.32," Die faire Chance, Fehler zu machen, sollte man ihr einräumen."
4,1,0.0,0.28," Ich finde nicht, dass es Koalitionen geben sollte, aber ich finde, man sollte die AfD als das behandeln, was sie ist, nämlich eine normale Partei."
4,1,-0.16,0.32," Nicht die neue NSDAP, daraus folgt..."
0,4,-0.16,0.32," Aber ist denn Herr Martenschein zwischen sozusagen neue NSDAP und hart weit rechts und gerade wenn man in der zweiten Reihe schaut, was da teilweise so gesagt wird, muss ich sagen, das ist jetzt nicht einfach nur eine normale Partei."
4,0,0.0,0.28," Naja, es ist, was eine normale Partei ist, muss ja die Bevölkerung entscheiden."
4,0,0.0,0.28,Das müssen ja die Wähler entscheiden.
4,0,0.0,0.28," Wir wollen doch keine autoritäre Demokratie haben, wo vorsortiert wird, was die Leute wählen dürfen und was nicht."
4,0,0.0,0.28,Innerhalb weiter Grenzen jedenfalls.
0,4,-0.16,0.32," Sie dürfen das wählen, ich verstehe auch sozusagen die kognitive Dissonanz, die da entsteht, wenn auf der einen Seite ständig diese Partei dämonisiert wird und dann kommt ständig die Nazi-Keule usw."
0,4,0.0,0.28," Und gleichzeitig, das hören die Leute und gleichzeitig steht sie aber auf dem Wahlzettel."
0,4,0.0,0.28,Björn Höcke kannst du wählen.
0,4,0.0,0.33," Und dann kommt der Verfassungsschutz und sagt, der ist aber gesichert rechtsextrem."
0,4,0.0,0.28," Und daraus entsteht natürlich ein Widerspruch, der kaum auflösbar ist."
4,0,0.0,0.28," Und man kennt doch auch die Leute im Dorf, in Ostdeutschland kennt jeder jede Menge Leute, die bei denen sind oder die sie wählen und von denen sie wissen, dass die vor ein paar Jahren in der CDU oder in der SPD gewesen sind."
4,0,-0.31,0.35,Und dass sie mit hoher Wahrscheinlichkeit keine Nazis sind.
4,0,-0.16,0.32,Sie haben das Stichwort Nazi-Keule genannt.
4,0,-0.16,0.32," Ich halte das für falsch, mit der ständig herumzuwählen."
4,0,0.16,0.37,Damit erreicht man nämlich überhaupt nichts bei den Leuten.
4,0,0.0,0.28,Die hat sich auch durch häufigen Gebrauch abgenutzt.
2,4,0.0,0.35," Wobei ich auch glaube, dass Sie mit der Hoffnung auf Entzauberung auch falsch liegen."
2,4,0.0,0.28," Weil Sie das gerade meinten, man muss denen irgendwie einräumen, Fehler zu machen."
2,4,0.0,0.28," Dann werden die Leute sehen, wie bescheuert die sind."
2,4,0.0,0.28,Das funktioniert aber auch nicht.
2,4,0.0,0.28,Das können wir uns in anderen Ländern anschauen.
2,4,0.0,0.28,Auch Trump wurde wiedergewählt.
2,4,0.0,0.31," Ich glaube, die Brandmauer ja oder nein, Entzauberung ja oder nein?"
2,4,0.0,0.28,Wir kommen dem momentan nicht bei.
2,4,0.0,0.28," Ich glaube, die Fragen, die sich stellen, sind nicht so sehr, die wünscht dir was und wir hätten es gern."
2,4,-0.16,0.37," Sondern wir werden bald pragmatisch vor dem Problem stehen, wie man überhaupt handlungsfähig sein kann als Regierung mit solchen Wahlergebnissen dieser Partei."
0,2,0.0,0.28,So verstehe ich ehrlich gesagt auch Harald Martenstein.
0,2,0.0,0.28," Und es ist ja das Ringen um die Frage, wie geht dann irgendwann ein pragmatischer Weg."
0,3,0.0,0.28,Aber ich würde trotzdem gerne noch mal Katja Hoyers Einschätzung dazu sehen.
0,3,0.0,0.28," Ist ja interessant, auch wenn man in England, wo sie leben, wenn ich mir die Geschichte von jemandem wie Nigel Farage z.B. anschaue."
0,3,0.0,0.28," Oder wie heißt der, Tim Robbins."
0,3,0.0,0.28," Tommy Robbins, Entschuldigung."
0,3,0.0,0.28," Dieser Ultrarechte, der dort wahnsinnig Massen bewegt und elektrisiert."
0,3,0.0,0.28,Bin ich neulich mal intensiver damit auseinandergesetzt.
0,3,0.0,0.33," Und dann kommst du immer wieder an die Stelle, wo du feststellst, ja, hinter alledem liegt dann irgendwann nicht einfach nur das Gefühl, wir wollen das System kaputt machen, sondern ein ganz konkretes, handfestes Thema."
0,3,0.0,0.28,In England ist es Migration.
0,3,0.0,0.31,Können Sie das einmal ausführen?
0,2,0.0,0.31," In welchem Dilemma sozusagen Parteien, die wir klassischerweise kennen, da gerade stecken und wie kommen wir da raus?"
3,0,0.0,0.28,Wir haben es ja hier auch gerade schon gesehen.
3,0,0.0,0.28," Wir haben gerade zehn Minuten damit zugebracht, irgendwie über die AfD zu reden und nicht über die Wähler."
3,0,-0.45,0.39," Und uns darüber zu unterhalten, was eigentlich die grundsätzlichen Probleme sind, die die Leute sehen und wo sie das Gefühl haben, dass die nicht gelöst werden."
3,0,0.0,0.28,Und das ist in Großbritannien genauso.
3,0,0.0,0.33," Man sieht da schon seit Jahren, dass die Leute in den Umfragen immer so zwei Drittel bis drei Viertel der Leute sagen, die wollen die Migration kontrolliert haben."
3,0,0.0,0.28," Nicht, wie man oft hört in den Berichterstattungen, dass gesagt wird, die sind gegen die Migration."
3,0,0.0,0.28," Es ist nicht so, sondern es wird gesagt ..."
0,3,0.31,0.35,Gute Differenzierung.
3,0,0.0,0.28," Es wird gesagt sozusagen, die wollen, dass der Staat Kontrolle darüber hat, wer im Land ist, wer nicht im Land ist."
3,0,-0.16,0.32," Wie man mit Kriminalität umgeht, wie man mit dem Sicherheitsgefühl, was langsam erodiert, umgeht."
3,0,0.0,0.28,Solche Fragen stehen da schon seit Langem im Raum.
3,0,-0.31,0.4," Und die Konservativen, die Tories haben immer wieder versprochen, wir lösen das Problem, wir kriegen das in den Griff."
3,0,0.0,0.28,Und die Zahlen gingen nach oben.
3,0,0.0,0.28," Wir hatten am Ende fast eine Million im Jahr legale Einwanderung, wo der Staat nicht einfach sagen kann, das sind Leute, die sind reingekommen und wir wussten nicht, was wir tun sollen."
3,0,0.0,0.28,Sondern die legal reingekommen sind.
3,0,0.0,0.33," Und wenn das Volk insgesamt in der Mehrheit immer wieder sagt, das geht so nicht, wir wissen nicht, wie wir die Häuser so schnell bauen sollen."
3,0,-0.16,0.32,Integration ist ein Riesenproblem.
3,0,0.0,0.28,Schulen.
0,3,0.0,0.28," NHS, das Gesundheitssystem."
3,0,0.0,0.28," Und auch, wie sich die Gesellschaft spaltet."
3,0,0.0,0.28," Man hat ganze Städte und Stadtteile, die sich fast in einzelne Gruppen einteilen."
3,0,0.0,0.28,Wo dann bestimmte Migrantengruppen in dem Teil leben.
3,0,-0.16,0.37," Die britische Bevölkerung, die schon immer da gelebt hat, fühlt sich davon entfremdet."
3,0,0.0,0.28," Oder hat das Gefühl, die muss woanders hinziehen."
3,0,-0.31,0.35," Das sind alles Probleme, die es gerade in den Arbeiterschichten gibt."
3,0,0.0,0.28," Und die wissen nicht mal, wohin mit ihrer Stimme."
3,0,0.0,0.28," Weil sie das Gefühl haben, dass beide großen Parteien einfach weitermachen."
3,0,-0.16,0.32," Und dieses Gehörtwerden ist, glaube ich, das Problem."
3,0,0.0,0.38," Und wenn man sich dann immer wieder z.B. auf Tommy Robinson konzentriert und sich nicht fragt, warum jemand, der so spricht und der so ist und der auch so extrem ist in seiner Rhetorik, das auf einmal schafft, Hunderttausende von Menschen zu mobilisieren."
0,3,0.0,0.28," Ein Typ, der kriminelle Vergangenheit hat."
3,0,0.0,0.28," Ja, und der auch einfach eine Rhetorik drauf hat, die jetzt nicht unbedingt den Maurer anspricht oder die Krankenschwester."
3,0,-0.31,0.35," Oder so jedenfalls nicht in Zeiten, die sich nicht so krisenhaft anfühlen."
3,0,-0.16,0.32,Dann ist der Fokus einfach falsch.
3,0,0.0,0.28," Es geht hier nicht um ihn, sondern er ist irgendwo ein Ventil oder ein Kanalisator dieser Bewegung."
3,0,0.0,0.28,Ich kenne das selber auch.
3,0,0.0,0.28,Ich wohne im ländlichen Raum in England.
3,0,0.0,0.28," Also nicht in London, sondern in Norfolk."
3,0,0.0,0.28," Und da habe ich ganz normale Leute, meine Friseurin, der Mensch, der den Laden bei mir leitet, die sind dahin gefahren zu der Demo."
3,0,0.0,0.28," Und wenn man dann nachfragt, warum, dann heißt es, ich war noch nie in meinem Leben bei einer Demonstration."
3,0,0.0,0.28," Aber hier ist quasi jemand, der was organisiert."
3,0,0.0,0.28," Ich wüsste selber nicht, wie ich das machen soll."
3,0,0.0,0.28," Und die fahren dann dahin, weil die einfach diese Masse auf der Straße haben wollen."
3,0,0.0,0.28,Wir hatten überall diese Flaggenproteste bei mir in der Region.
3,0,0.0,0.28," Man merkt sozusagen, da sind wir wieder beim Stimmungsbild, dass sich das wirklich aufgeheizt hat."
2,3,0.16,0.32,Ich finde die Analyse total super.
2,3,0.16,0.32," Und ich mag jetzt auch nicht so über England sprechen, weil ich mich da nicht ganz so gut auskenne."
2,3,0.0,0.28," Aber ich hätte zumindest den Verdacht, weil Sie Migration jetzt so als überwölbendes Thema sehr groß gemacht haben."
2,3,0.0,0.28," Und ich weiß, dass das auch so bedient wird, dass die Leute das auch so empfinden."
2,3,-0.16,0.32," Aber mein Eindruck ist, dass darunter doch auch einfach eine Vernachlässigung von bestimmten Aufgaben der Daseinsvorsorge steckt, die einfach den Leuten Angst macht."
2,3,0.0,0.28,Und auch zu Recht.
2,3,0.0,0.28," Und dann ist eben häufig ja auch das Umkanalisieren zu sagen, das liegt aber alles an den Migranten."
2,3,0.0,0.28," Vielleicht ein einfacherer Weg, das emotional zu verarbeiten."
2,3,-0.16,0.32," Ich glaube nämlich nicht, dass sozusagen sachlich betrachtet die Migration der Grund dafür ist, dass es den niedrigeren Schichten in England oder Deutschland so schlecht geht."
2,3,0.0,0.28," Ich glaube, dieser Zusammenhang ist eigentlich nicht richtig."
2,3,-0.31,0.35," Obwohl es Probleme gibt, will ich gar nicht negieren."
3,2,0.0,0.28,Das ist schon ein Grund.
3,2,0.0,0.33,Wenn man sich einfach den enormen Anstieg in Großbritannien anguckt über die letzten Jahre.
3,2,0.0,0.33," Ich habe jetzt die genauen Zahlen nicht im Kopf, aber es ist wirklich über die letzten paar Jahre enorm nach oben gegangen."
2,3,0.0,0.28," Wir haben ja auch Globalisierungseffekte, die einfach da sind."
0,2,0.0,0.28," Das Gefühl dahinter ist, wenn man sich England anschaut, da geht es auch um gebrochene Versprechen."
0,2,0.0,0.33,Da geht es immer wieder um dieses gebrochene Versprechen.
0,2,-0.16,0.32,Wir kriegen das in den Griff.
0,2,0.0,0.28,Und dann passiert wieder nichts.
0,2,0.16,0.32," Ich würde gerne, um nochmal dieser Stimmung nachzuspüren und um besser zu verstehen, worüber wir hier eigentlich reden."
0,2,-0.16,0.32," Der Kanzler hat ja dieser Tage eine Rede gehalten, wo er sagte, es wird ihm alles schlecht geredet und so weiter."
0,2,0.0,0.28,Und es muss jetzt mal wieder dringend nach vorne gehen.
0,2,0.0,0.28," Vielleicht können wir uns das einmal kurz anschauen, wie der Kanzler selber die Lage einschätzt."
0,2,0.0,0.28,Und dann mal kurz darüber sprechen.
0,2,0.0,0.28,Bitte schön.
0,0,0.16,0.37,Es gibt auch keinen Grund für Pessimismus und Schwarzmalerei über die Zukunft unseres Landes.
0,0,0.45,0.39," Es liegen nicht die besten Jahre unseres Landes hinter uns, sondern es liegen sehr gute Jahre vor uns."
0,0,0.0,0.28," In Ostdeutschland, in Westdeutschland, in der Bundesrepublik Deutschland insgesamt und in Europa."
0,0,0.0,0.28," Wenn wir jetzt gemeinsam daran arbeiten, statt gegeneinander zu arbeiten."
0,0,-0.16,0.32," Und das heißt, dass wir die sehr deutschen Reflexe des Schlechtredens, dass wir auch die parteipolitischen Spielchen hinter uns lassen müssen."
0,0,-0.31,0.35," Und genauso das Hoffen auf einen großen Befreiungsschlag, auf den großen Tag, auf den großen Big Bang, der alle Probleme auf einmal löst."
0,0,0.0,0.28," Meine Damen und Herren, den wird es nicht geben."
0,0,0.0,0.28,Das ist aber genau die Erwartungshaltung.
0,0,0.0,0.28," Deswegen sagte ich gerade gebrochene Versprechen, die die ganze Zeit aufgebaut wird."
2,0,0.0,0.28,Der hat vor allem inhaltlich ja wieder gar nichts gesagt.
2,0,0.16,0.32," Das sind ja wieder nur Zustandsbeschreibungen auf der Metaebene und dann Erwartungsmanagement und so, alles gut und schön."
2,0,0.0,0.28," Aber die Leute haben das, glaube ich, wirklich satt."
2,0,0.0,0.28,Da hört auch keiner mehr hin und nimmt es nicht ernst.
2,0,0.0,0.28," Es ist ja nicht so, dass es keine..."
2,0,0.0,0.28," Es gibt, glaube ich, wirklich ganz konkrete Erwartungshaltung, abgesehen von der Kontrolle über Migration und Einwanderung, was den Leuten fehlt."
2,0,0.0,0.28,Dazu gehört das Schulsystem.
2,0,0.0,0.28,Sie haben das gesagt.
2,0,-0.31,0.4,Das ist eine verheerende Misere.
2,0,0.0,0.28,Das macht Menschen krank.
2,0,0.0,0.28,Das ist einfach auch das Zentrum des Aufstiegsversprechens.
2,0,0.0,0.33," Gerade auch für erst mal bildungsfernere Schichten ist das Schulsystem, in dem man sich hocharbeiten kann, ja das absolute."
2,0,0.0,0.28," Das ist der Weg in eine Gesellschaft hinein, wenn wir das so vernachlässigen."
2,0,0.0,0.28,Das wird gespürt.
2,0,-0.31,0.35," Und wir können jetzt noch ein paar andere Segmente aufzählen, wo wirklich für unsere Verhältnisse sehr schlechte oder gar keine Arbeit gemacht wurde."
2,0,0.0,0.28," Und wenn er dann sowas sagt, anstatt wirklich zu adressieren, worum es geht, kann ich auch verstehen, wenn die Leute dann abwinken und sagen..."
0,2,0.0,0.31," Und wenn Sie, Frau Zeh, Sie sind SPD-Mitglied, ne?"
2,0,0.0,0.28," Ja, nach wie vor."
0,2,0.0,0.28," Ich wusste gar nicht, dass die Frage schon eine Provokation ist."
2,0,0.0,0.28,Das stimmt.
0,2,0.0,0.28," Eine altehrwürdige Partei, in der Sie nach wie vor Mitglied sind."
2,0,0.0,0.28,Weil ich an die Sozialdemokratie glaube.
2,0,0.0,0.28,Ich bin eine Jüngerin der Sozialdemokratie.
0,2,-0.45,0.39," Ja, hier sitzen ja viele enttäuschte Sozialdemokraten."
0,2,0.0,0.28," Ich schaue gerade zu Herrn Martenstein, die roten Turnschuhe sind ein Restzeugnis davon, wo dieser Mann mal gestanden hat."
0,2,0.0,0.28," Aber wenn Sie im inneren Kreis, in dem ich vermute, dass Sie da manchmal unterwegs sind."
0,2,0.0,0.28," So, mit den Reden."
0,2,0.0,0.31,Was steht an?
0,2,0.0,0.31,Und was seid ihr bereit zu tun?
2,0,0.0,0.28," Ich finde es bei der SPD, das ist ja eigentlich die Partei, die klassischerweise zuständig sein sollte."
2,0,0.0,0.28,Für genau diese Bedingungen.
2,0,0.31,0.35," Chancengleichheit, Aufstiegsversprechen, Daseinsvorsorge für Leute, denen man nicht einfach sagen kann, jeder ist seines Glückes Schmied, also mach mal."
2,0,0.0,0.28,Das ist ja deren Klientel und deren Anliegen.
2,0,0.0,0.28," Und irgendwo ganz hinten, wissen die das auch noch, aber das bildet sich einfach nicht mehr ab im Parteiprofil."
2,0,0.0,0.28,Und das geht aber den anderen Parteien genauso.
2,0,0.0,0.28," Sie haben das ja gesagt, auch die CDU hat ihren Markenkern verpasst."
2,0,0.0,0.28,Die Grünen haben ihren Markenkern verpasst.
2,0,0.0,0.28,Es gibt ja eigentlich diese Identifizierbarkeit nicht mehr.
2,0,0.0,0.28,Alle schließen sich zur großen Mitte zusammen.
0,2,0.0,0.28,Zusammen und warnen gegen rechts.
2,0,0.0,0.28,Das ist ja der Stand der Dinge.
2,0,0.0,0.28," Und ich glaube nicht, dass das der einzige Grund ist für die Parteienverdrossenheit, aber es ist gewiss ein Grund."
2,0,0.0,0.28,Und da könnte man zurückarbeiten.
2,0,0.0,0.28," Ich weiß, dass das schwierig ist, wenn man in Regierungsverantwortung ist."
2,0,0.16,0.37," So was geht angeblich immer besser in der Opposition, sich mal zu besinnen, was man will."
2,0,0.0,0.28,Aber ich spüre den Impuls gar nicht.
2,0,0.0,0.28,Ich spüre den Impuls in keiner Partei.
2,0,0.0,0.31," Sich wirklich mal zu überlegen, was wollen wir?"
2,0,0.0,0.28," Vielleicht hat das was zu tun mit der bestimmten Art, sich so kleinteilig verantworten zu müssen die ganze Zeit."
2,0,0.0,0.28,Weil man ja sozusagen über Social Media so Umfrageergebnisse im Minutentakt sich auch abholen kann.
2,0,0.0,0.28,Zustimmung dagegen und so.
2,0,0.0,0.28," Also es ist, glaube ich, sehr schwierig geworden, momentan über lange Linien nachzudenken."
2,0,0.0,0.28," Aber ich glaube, das müssen wir machen."
2,0,0.0,0.28," Und zwar nicht nur, um eine AfD zu bekämpfen, sondern um zu überlegen, wo wir hin möchten."
